time,BTC,ETH,XRP,BNB,SOL,HYPE,SUI,ADA,STETH,TRX,DOGE,XLM,LINK,TON,WBTC,compound
2024-08-01,65300.21,3200.67,0.596,574.77,167.26,1.799e-05,0.6957,0.3925,3196.83,0.1282,0.119,0.09922,12.88,6.736,65365.51,0.40394399999999997
2024-08-02,61422.3,2985.72,0.5601,542.3,152.58,1.688e-05,0.637,0.3633,2980.05,0.1235,0.1114,0.0954,11.91,6.179,61483.72,0.247373
2024-08-03,60679.28,2902.09,0.5557,529.43,142.46,1.569e-05,0.6105,0.3645,2900.35,0.1254,0.1081,0.09331,11.68,6.005,60739.96,0.16649
2024-08-04,58135.89,2688.08,0.5228,496.6,138.24,1.49e-05,0.5774,0.344,2684.59,0.1264,0.1037,0.08817,10.88,6.01,58135.89,0.1450836956521739
2024-08-05,54031.82,2420.39,0.4891,464.57,129.81,1.28e-05,0.5348,0.312,2417.97,0.1214,0.09435,0.08801,9.492,5.28,54031.82,0.0036255555555555524
2024-08-06,56057.67,2462.39,0.5063,485.07,144.51,1.41e-05,0.6017,0.3312,2460.67,0.1233,0.09652,0.09255,10.07,5.746,56057.67,0.09641818181818182
2024-08-07,55130.45,2343.5,0.6004,474.84,144.71,1.3e-05,0.6151,0.324,2340.45,0.1245,0.09557,0.1016,9.489,5.445,55185.58,0.24116551724137933
2024-08-08,61708.53,2683.62,0.6169,517.24,163.18,1.41e-05,0.853,0.3518,2682.55,0.127,0.1075,0.1031,10.75,6.224,61702.36,0.414073786407767
2024-08-09,60868.88,2600.21,0.5809,509.05,156.32,1.38e-05,0.8562,0.3485,2599.69,0.1282,0.1039,0.09992,10.54,6.616,60844.53,0.32012299999999994
2024-08-10,60940.82,2610.64,0.5843,523.3,154.05,0.0,0.9197,0.3458,2606.2,0.1289,0.1052,0.1013,10.55,6.679,60940.82,0.29294800000000004
2024-08-11,58725.0,2555.67,0.553,503.57,141.57,1.24e-05,0.8737,0.3277,2554.65,0.1277,0.1006,0.09785,10.0,6.213,58725.0,0.35483595505617976
2024-08-12,59360.89,2723.07,0.5685,518.28,146.37,1.25e-05,1.015,0.3391,2717.08,0.1266,0.1079,0.09883,10.55,6.271,59360.89,0.22585903614457833
2024-08-13,60609.73,2703.6,0.5771,524.33,146.71,1.17e-05,0.9554,0.34,2703.6,0.1285,0.1064,0.09931,10.58,6.516,60579.43,0.2452094017094017
2024-08-14,58698.05,2661.98,0.5689,523.47,143.79,1.27e-05,0.9339,0.3354,2661.98,0.1304,0.1024,0.09661,10.4,6.891,58680.44,0.38515135135135137
2024-08-15,57552.92,2570.39,0.5609,519.18,142.57,4e-06,0.8449,0.3249,2570.39,0.13,0.1002,0.09567,10.18,6.591,57524.14,0.278033
2024-08-16,58893.67,2593.7,0.5641,519.85,139.1,3.3e-06,0.8118,0.3303,2593.44,0.1341,0.1004,0.09487,10.13,6.546,58846.56,0.229406
2024-08-17,59497.94,2614.92,0.5667,541.85,141.94,1.8e-06,0.8283,0.3373,2614.14,0.1348,0.1028,0.09568,10.15,6.441,59420.59,0.351842
2024-08-18,58439.22,2612.58,0.5631,531.66,142.45,1.6e-06,0.8245,0.3343,2607.09,0.135,0.1001,0.09352,10.09,6.872,58380.78,0.2681962962962963
2024-08-19,59464.41,2637.47,0.5987,558.67,144.34,5.74e-06,0.9014,0.3368,2636.68,0.143,0.1014,0.09632,10.19,6.833,59404.95,0.24672375
2024-08-20,59027.55,2573.25,0.5939,569.56,142.3,5.4e-06,0.8707,0.3436,2571.96,0.1613,0.1029,0.09751,10.24,6.671,59009.84,0.30473033707865166
2024-08-21,61170.8,2631.39,0.6003,570.17,142.8,0.0,0.8496,0.369,2630.34,0.1537,0.1062,0.09856,11.21,6.497,61134.1,0.2824019230769231
2024-08-22,60387.29,2623.57,0.5978,583.04,143.25,0.0,0.8523,0.3764,2622.78,0.1554,0.1053,0.09894,11.48,6.503,60363.14,0.38121588785046734
2024-08-23,64087.8,2764.81,0.6114,592.04,153.36,0.0,1.016,0.3916,2764.81,0.1582,0.113,0.1019,12.06,6.8,63946.81,0.2343988764044944
2024-08-24,64180.77,2769.86,0.6131,580.77,160.72,0.0,1.019,0.3939,2765.43,0.1587,0.1126,0.1026,12.35,5.926,64078.08,0.353125
2024-08-25,64264.62,2747.52,0.6003,574.2,158.99,0.0,0.9991,0.385,2746.7,0.1663,0.1097,0.1009,12.11,5.768,64110.38,0.114314
2024-08-26,62850.27,2681.15,0.5875,548.43,157.15,0.0,0.9265,0.3662,2679.81,0.1615,0.1052,0.09711,11.84,5.132,62724.57,0.144064
2024-08-27,59441.73,2458.29,0.567,533.55,146.85,0.0,0.8481,0.3505,2457.8,0.1579,0.09892,0.09374,11.16,5.446,59376.34,0.212977
2024-08-28,59043.5,2528.73,0.5695,537.0,143.93,0.0,0.8099,0.3501,2527.72,0.1581,0.09968,0.09279,11.17,5.52,58978.55,0.300365
2024-08-29,59369.85,2527.97,0.5622,536.41,140.05,0.0,0.8034,0.3579,2526.96,0.1599,0.1004,0.09313,10.94,5.46,59298.61,0.303858
2024-08-30,59129.05,2526.02,0.5667,535.18,138.0,0.0,0.8318,0.3471,2524.25,0.1598,0.1018,0.0932,11.11,5.375,59046.27,0.231789
2024-08-31,58989.17,2513.01,0.5663,533.03,135.34,0.0,0.7963,0.345,2512.0,0.1576,0.1013,0.09254,11.01,5.423,58924.28,0.30701
2024-09-01,57313.44,2426.06,0.5474,512.5,128.53,0.0,0.7608,0.3315,2424.6,0.1556,0.09512,0.09002,10.37,5.191,57250.4,0.10749230769230769
2024-09-02,59147.8,2538.22,0.5677,526.47,134.96,0.0,0.787,0.3363,2536.19,0.154,0.0991,0.09237,10.76,5.216,59088.65,0.26311184210526317
2024-09-03,57481.84,2424.4,0.5572,518.66,127.52,0.0,0.7854,0.3185,2423.43,0.1503,0.09677,0.09147,10.31,4.889,57412.86,0.26885888888888887
2024-09-04,57975.52,2450.36,0.5581,507.75,133.61,0.0,0.809,0.3234,2449.87,0.1499,0.09799,0.09163,10.33,4.661,57876.96,0.25216767676767676
2024-09-05,56167.4,2367.89,0.5443,502.19,129.39,0.0,0.7971,0.3251,2367.18,0.1498,0.09839,0.09022,10.02,4.811,56116.85,0.24343936170212765
2024-09-06,53954.33,2224.52,0.5211,487.1,125.02,0.0,0.8381,0.3148,2222.74,0.1478,0.09254,0.08804,9.576,4.772,53884.19,0.059143999999999995
2024-09-07,54167.82,2273.45,0.5249,493.58,127.7,0.0,0.8909,0.3254,2273.0,0.1515,0.0954,0.08857,10.03,4.725,54113.65,0.351835
2024-09-08,54879.33,2297.39,0.5295,503.24,130.1,0.0,0.9392,0.3391,2295.32,0.153,0.09615,0.08999,10.35,4.947,54829.94,0.27199175257731956
2024-09-09,57056.31,2360.0,0.5396,518.76,135.08,0.0,0.9581,0.3434,2358.58,0.1544,0.1038,0.09315,10.54,5.221,56976.43,0.08934301075268816
2024-09-10,57642.43,2388.83,0.5408,517.05,135.63,0.0,0.9179,0.3431,2387.87,0.1531,0.1028,0.09396,10.59,5.524,57579.02,0.2582927272727273
2024-09-11,57354.27,2340.73,0.5349,530.3,132.43,0.0,0.93,0.3532,2324.58,0.1533,0.1013,0.09265,10.4,5.388,57291.18,0.253715
2024-09-12,58140.61,2361.91,0.5627,544.49,136.07,0.0,1.04,0.3563,2360.49,0.1518,0.1027,0.09493,10.79,5.599,58105.73,0.297333
2024-09-13,60548.12,2441.28,0.5731,556.74,139.14,0.0,1.028,0.3609,2440.79,0.1488,0.1071,0.0964,11.45,5.786,60445.19,0.34445299999999995
2024-09-14,60013.26,2418.52,0.5959,553.56,137.17,0.0,1.046,0.3544,2417.79,0.1473,0.1054,0.09713,11.3,5.678,59941.24,0.25106100000000003
2024-09-15,59139.21,2316.46,0.5707,553.48,131.42,0.0,1.078,0.3386,2316.23,0.1488,0.1028,0.09511,10.81,5.555,59103.73,0.280909
2024-09-16,58210.01,2295.53,0.5866,533.61,131.45,0.0,1.042,0.3303,2294.84,0.1487,0.09965,0.09497,10.54,5.462,58151.8,0.18617799999999998
2024-09-17,60321.59,2342.21,0.584,546.27,131.56,0.0,1.17,0.3338,2339.87,0.15,0.1011,0.09458,10.63,5.55,60285.4,0.165074
2024-09-18,61775.68,2375.01,0.5853,559.69,134.34,0.0,1.315,0.3442,2373.35,0.1494,0.1039,0.096,10.89,5.669,61707.73,0.32106700000000005
2024-09-19,62963.41,2465.83,0.5871,567.05,142.9,0.0,1.38,0.351,2464.84,0.1515,0.105,0.096,11.2,5.706,62831.19,0.364232
2024-09-20,63211.47,2561.88,0.5852,569.09,146.66,0.0,1.47,0.3523,2559.83,0.152,0.1055,0.09616,11.44,5.584,63116.65,0.28867
2024-09-21,63363.17,2613.27,0.5978,588.83,149.46,0.0,1.482,0.3585,2612.22,0.1519,0.11,0.09802,11.49,5.669,63255.45,0.399743
2024-09-22,63587.45,2581.43,0.5873,588.63,144.68,0.0,1.586,0.3517,2580.4,0.1517,0.1063,0.09604,11.13,5.625,63466.63,0.29823
2024-09-23,63341.97,2647.17,0.5849,604.66,144.77,0.0,1.535,0.3638,2646.91,0.1522,0.1081,0.09631,11.39,5.656,63202.62,0.353945
2024-09-24,64276.65,2653.41,0.5913,606.06,152.72,0.0,1.743,0.3877,2653.41,0.1511,0.1098,0.09683,12.15,5.611,64115.96,0.265894
2024-09-25,63144.83,2579.69,0.5828,587.37,147.97,0.0,1.698,0.381,2579.69,0.15,0.1085,0.09595,12.1,5.734,62999.6,0.241157
2024-09-26,65183.68,2632.81,0.5907,596.5,155.58,0.0,1.641,0.4018,2632.55,0.153,0.1182,0.09803,12.56,5.794,65066.35,0.371483
2024-09-27,65790.28,2695.48,0.5888,607.11,157.64,0.0,1.657,0.4019,2695.21,0.1551,0.1235,0.09947,12.67,6.009,65658.7,0.371954
2024-09-28,65868.67,2676.03,0.6141,601.12,156.78,0.0,1.688,0.4006,2675.23,0.1549,0.1281,0.09944,12.94,5.889,65730.35,0.411616
2024-09-29,65611.98,2658.08,0.6414,595.63,158.52,0.0,1.759,0.3978,2656.75,0.1563,0.1243,0.1018,12.47,5.843,65461.07,0.338691
2024-09-30,63314.81,2601.63,0.6113,567.24,152.55,0.0,1.774,0.3733,2600.33,0.1558,0.1142,0.09845,11.85,5.743,63175.52,0.28296299999999996
2024-10-01,60790.06,2447.54,0.5968,547.05,145.15,0.0,1.757,0.3522,2446.81,0.1534,0.1069,0.09386,11.02,5.381,60711.03,0.286643
2024-10-02,60641.8,2363.64,0.5382,542.44,140.17,0.0,1.856,0.3433,2362.22,0.1544,0.1046,0.0905,10.65,5.31,60544.77,0.20224699999999998
2024-10-03,60746.35,2349.81,0.522,544.65,136.79,0.0,1.663,0.3454,2349.11,0.1575,0.1051,0.09043,10.66,5.335,60685.6,0.204393
2024-10-04,62094.06,2414.67,0.5341,555.49,143.19,0.0,1.773,0.3516,2413.95,0.1563,0.1092,0.09186,11.07,5.413,62007.13,0.280742
2024-10-05,62059.19,2414.79,0.5295,562.94,142.64,0.0,1.754,0.3509,2414.07,0.1535,0.1094,0.09206,11.26,5.233,61953.69,0.19846708860759493
2024-10-06,62821.76,2439.96,0.5337,570.3,146.48,0.0,1.841,0.3573,2438.5,0.1542,0.1115,0.09238,11.28,5.312,62721.25,0.3163394366197183
2024-10-07,62209.84,2422.14,0.5286,564.12,143.95,0.0,2.017,0.3514,2421.41,0.1557,0.1084,0.09104,11.16,5.196,62110.3,0.28988600000000003
2024-10-08,62129.17,2439.67,0.5309,580.53,143.42,0.0,1.987,0.3445,2438.94,0.1598,0.1071,0.08998,10.83,5.201,61980.06,0.312489
2024-10-09,60585.22,2368.44,0.524,570.05,139.22,0.0,1.875,0.3392,2367.49,0.1605,0.1079,0.08972,10.53,5.066,60500.4,0.289068
2024-10-10,60280.38,2384.4,0.5301,563.26,138.93,0.0,1.834,0.3394,2365.56,0.1587,0.1059,0.0901,10.55,5.134,60220.1,0.239927
2024-10-11,62517.42,2439.03,0.5386,573.53,145.47,0.0,2.053,0.3515,2438.05,0.1597,0.1107,0.09186,10.9,5.222,62423.64,0.267818
2024-10-12,63197.03,2475.93,0.5393,576.42,146.36,0.0,2.242,0.353,2474.44,0.1625,0.1114,0.09191,11.0,5.232,63140.15,0.3557706896551724
2024-10-13,62854.48,2468.12,0.5317,571.98,147.68,0.0,2.342,0.3486,2464.66,0.1624,0.1113,0.09038,10.74,5.194,62760.2,0.27882391304347826
2024-10-14,66068.25,2629.02,0.5482,589.13,157.52,0.0,2.25,0.3643,2627.71,0.1603,0.1166,0.09343,11.28,5.315,65949.33,0.37735799999999997
2024-10-15,67064.69,2606.92,0.5417,594.53,154.74,0.0,2.059,0.359,2605.36,0.1586,0.1174,0.09297,11.45,5.238,66964.09,0.310166
2024-10-16,67614.71,2610.95,0.5482,600.89,154.22,0.0,2.083,0.352,2608.6,0.1599,0.1257,0.09554,11.24,5.23,67506.53,0.267458
2024-10-17,67408.87,2605.1,0.544,592.66,150.43,0.0,2.023,0.3432,2603.28,0.1592,0.1296,0.09491,11.02,5.188,67321.24,0.296813
2024-10-18,68425.63,2642.22,0.5467,599.07,154.92,0.0,2.125,0.3505,2634.29,0.1583,0.1372,0.09665,11.48,5.285,68295.62,0.34064347826086955
2024-10-19,68370.04,2648.12,0.5441,597.9,159.68,0.0,2.062,0.3514,2646.8,0.1565,0.1441,0.09688,11.42,5.284,68267.48,0.23860370370370373
2024-10-20,69020.94,2746.4,0.5481,605.8,167.36,0.0,2.128,0.3649,2745.3,0.1566,0.1421,0.0972,11.97,5.312,68945.02,0.40840000000000004
2024-10-21,67358.14,2665.9,0.5447,598.48,166.14,0.0,2.009,0.3607,2664.3,0.1583,0.1436,0.09531,11.7,5.168,67304.25,0.40437142857142855
2024-10-22,67390.32,2621.31,0.5336,593.37,167.44,0.0,1.938,0.3641,2620.26,0.1601,0.1396,0.09518,11.97,5.215,67329.67,0.3378595744680851
2024-10-23,66612.97,2522.33,0.5254,584.33,170.67,0.0,1.976,0.3494,2521.07,0.1603,0.1399,0.09444,11.32,5.126,66486.41,0.263149
2024-10-24,68163.56,2534.54,0.5319,594.11,177.07,0.0,1.936,0.3463,2533.02,0.1645,0.1418,0.09661,11.6,5.125,68054.5,0.32441600000000004
2024-10-25,66577.77,2436.2,0.5013,574.23,164.65,0.0,1.749,0.3258,2435.23,0.1624,0.1314,0.09332,11.12,4.773,66511.19,0.23873899999999998
2024-10-26,67014.72,2479.7,0.5129,582.63,170.67,0.0,1.793,0.3334,2476.48,0.1651,0.1373,0.09413,10.99,4.916,66967.81,0.19849186046511627
2024-10-27,67945.14,2505.21,0.5163,588.68,176.47,0.0,1.754,0.3395,2504.46,0.164,0.1441,0.09416,10.97,5.066,67856.81,0.3439578125
2024-10-28,69925.83,2565.82,0.5192,600.73,178.15,0.0,1.772,0.3435,2565.05,0.1641,0.1614,0.09427,11.18,5.078,69827.93,0.337358
2024-10-29,72723.67,2638.16,0.5284,606.3,179.38,0.0,2.07,0.3561,2636.84,0.1661,0.1758,0.09663,11.79,5.036,72621.86,0.460207
2024-10-30,72331.96,2658.35,0.5228,595.36,174.85,0.0,2.084,0.3551,2650.11,0.1692,0.1683,0.09473,12.39,5.07,72237.93,0.42409199999999997
2024-10-31,70207.54,2515.04,0.5089,575.7,168.45,0.0,1.969,0.3413,2514.54,0.1683,0.1614,0.09232,11.4,4.859,70109.25,0.384867
2024-11-01,69473.41,2510.39,0.5128,572.67,166.05,0.0,1.988,0.3574,2509.39,0.1672,0.1591,0.09309,11.25,4.898,69369.2,0.20457
2024-11-02,69354.01,2493.41,0.5103,568.56,166.1,0.0,1.908,0.348,2492.41,0.1661,0.1595,0.09263,11.18,4.908,69243.04,0.3630301587301587
2024-11-03,68747.04,2456.66,0.5028,557.68,162.44,0.0,1.947,0.334,2455.68,0.1649,0.1513,0.09062,10.76,4.918,68657.67,0.2668022988505747
2024-11-04,67811.95,2396.87,0.5032,552.12,157.87,0.0,1.849,0.3262,2395.91,0.1629,0.1582,0.09111,10.25,4.734,67723.79,0.353922
2024-11-05,69378.09,2422.4,0.5141,563.28,166.65,0.0,2.01,0.3335,2421.43,0.16,0.17,0.09342,10.83,4.677,69280.96,0.365877
2024-11-06,75643.57,2724.61,0.5425,592.67,186.78,0.0,2.306,0.3633,2724.07,0.1625,0.1967,0.09718,12.18,4.788,75530.1,0.482275
2024-11-07,75922.41,2897.52,0.556,598.65,196.44,0.0,2.32,0.4069,2896.65,0.1601,0.1934,0.1022,12.6,4.921,75808.53,0.40765131578947367
2024-11-08,76562.31,2963.98,0.5541,598.03,199.98,0.0,2.29,0.4449,2963.09,0.1609,0.2021,0.1013,13.7,4.921,76455.12,0.3677364864864865
2024-11-09,76716.41,3127.99,0.5596,624.86,200.02,0.0,2.74,0.4967,3126.74,0.1619,0.2191,0.1023,13.78,5.255,76609.01,0.436281
2024-11-10,80429.43,3186.06,0.5889,627.75,210.23,0.0,3.035,0.5903,3185.1,0.1639,0.2779,0.1084,14.27,5.275,80340.96,0.506745
2024-11-11,88758.31,3375.79,0.6217,660.45,222.42,0.0,3.278,0.6137,3375.11,0.1677,0.3519,0.1149,14.93,5.503,88500.91,0.317086
2024-11-12,88040.54,3247.18,0.7051,625.97,211.86,0.0,3.216,0.5716,3245.23,0.1875,0.3804,0.1345,13.97,5.48,87899.68,0.43476
2024-11-13,90498.51,3191.32,0.6909,621.54,215.45,0.0,3.309,0.579,3189.41,0.1768,0.3997,0.1244,13.5,5.267,90362.76,0.4465787878787879
2024-11-14,87334.19,3059.11,0.7737,622.69,209.54,0.0,3.354,0.579,3056.36,0.1764,0.3626,0.1311,12.99,5.21,87124.59,0.391864
2024-11-15,91058.92,3091.03,0.8928,619.38,218.51,0.0,3.611,0.7071,3087.94,0.1908,0.3816,0.1458,13.84,5.386,90922.33,0.41641341463414633
2024-11-16,90630.94,3134.46,1.121,623.09,215.77,0.0,3.762,0.742,3132.58,0.2,0.3643,0.2209,14.53,5.651,90386.24,0.45794558823529413
2024-11-17,89877.16,3076.78,1.054,618.8,237.54,0.0,3.785,0.7027,3075.24,0.1992,0.3671,0.1964,13.79,5.381,89733.36,0.449705
2024-11-18,90514.83,3209.54,1.115,619.21,239.94,0.0,3.701,0.7332,3193.81,0.202,0.3715,0.2318,15.28,5.602,90415.26,0.352192
2024-11-19,92418.48,3112.1,1.102,616.62,237.96,0.0,3.729,0.7396,3109.92,0.1994,0.3912,0.2318,14.64,5.456,92224.4,0.45796
2024-11-20,94379.92,3072.39,1.105,606.01,235.65,0.0,3.528,0.8008,3071.16,0.1947,0.378,0.2477,14.25,5.299,94153.41,0.285242
2024-11-21,98436.25,3359.82,1.248,622.61,256.72,0.0,3.629,0.8227,3358.48,0.1986,0.387,0.2623,14.91,5.531,98150.78,0.314897
2024-11-22,99010.89,3331.89,1.474,633.77,257.21,0.0,3.569,1.019,3331.22,0.2046,0.4132,0.3404,16.58,5.45,98773.26,0.44680493827160495
2024-11-23,97765.04,3397.31,1.47,650.82,255.15,0.0,3.44,1.067,3395.95,0.2119,0.4306,0.5223,17.4,6.315,97530.4,0.3492202898550725
2024-11-24,98018.2,3364.81,1.434,660.45,252.98,0.0,3.396,1.024,3363.13,0.2086,0.4307,0.5365,17.92,6.139,97782.96,0.486753
2024-11-25,93019.38,3414.86,1.414,635.97,234.15,0.0,3.192,0.9435,3414.18,0.1957,0.3927,0.4814,17.34,6.087,92842.64,0.355414
2024-11-26,91903.89,3323.46,1.398,613.09,230.62,0.0,3.493,0.9603,3321.8,0.1944,0.387,0.4386,17.33,6.138,91802.8,0.39373800000000003
2024-11-27,95957.51,3657.71,1.471,644.85,242.26,0.0,3.437,1.013,3657.71,0.2009,0.4014,0.4841,18.67,6.407,95823.17,0.420166
2024-11-28,95670.41,3579.62,1.543,654.0,237.63,0.0,3.444,1.032,3578.9,0.2032,0.4017,0.4998,17.94,6.43,95555.61,0.4586325842696629
2024-11-29,97510.92,3593.72,1.802,654.98,243.46,0.0,3.487,1.076,3593.0,0.2044,0.4264,0.5483,18.26,6.463,97345.15,0.4939868852459016
2024-11-30,96473.51,3706.22,1.953,653.99,237.75,0.0,3.478,1.079,3705.85,0.2048,0.4218,0.5255,19.01,6.828,96319.15,0.668409
2024-12-01,97276.47,3710.38,2.296,656.37,236.96,0.0,3.478,1.15,3710.38,0.2071,0.4406,0.559,18.94,6.832,97101.37,0.5526420000000001
2024-12-02,95859.75,3644.73,2.728,647.92,225.81,0.0,3.393,1.202,3641.45,0.2207,0.4247,0.5393,25.24,6.561,95677.62,0.5818910112359551
2024-12-03,95928.37,3617.6,2.512,735.29,234.11,0.0,3.698,1.192,3616.51,0.4292,0.4066,0.5072,24.12,6.779,95678.96,0.6908373134328358
2024-12-04,98751.87,3845.15,2.362,740.44,229.48,0.0,3.68,1.189,3843.61,0.3302,0.4333,0.4898,24.11,6.902,98425.99,0.504327659574468
2024-12-05,97053.82,3789.23,2.247,717.91,236.17,0.0,4.232,1.161,3786.96,0.3218,0.4274,0.4715,23.17,6.805,96675.31,0.644835
2024-12-06,99897.97,4005.27,2.43,731.35,237.18,0.0,4.224,1.229,4004.07,0.3257,0.4354,0.4963,25.91,6.813,99648.23,0.520213
2024-12-07,99926.38,4000.53,2.612,750.25,238.34,0.0,4.263,1.211,3998.53,0.3188,0.4534,0.5042,24.81,6.808,99676.56,0.658609
2024-12-08,101189.81,4007.11,2.604,742.53,237.2,0.0,4.236,1.195,4004.71,0.3182,0.4668,0.4933,26.11,6.79,100946.95,0.546513698630137
2024-12-09,97338.34,3714.19,2.214,689.64,216.81,0.0,3.84,1.005,3713.08,0.2633,0.4142,0.4112,22.29,5.794,97124.2,0.5382935064935065
2024-12-10,96657.88,3630.62,2.373,677.28,213.75,0.0,3.716,1.022,3627.72,0.2694,0.394,0.4369,22.13,5.941,96416.24,0.506963
2024-12-11,101203.07,3834.97,2.396,711.76,227.42,0.0,4.375,1.087,3833.05,0.2821,0.4143,0.4354,24.09,6.401,100909.58,0.5524479999999999
2024-12-12,100041.98,3882.65,2.339,706.1,227.01,0.0,4.622,1.123,3879.54,0.2968,0.4062,0.4251,29.11,6.346,99761.86,0.600442
2024-12-13,101429.78,3907.67,2.423,725.83,224.84,0.0,4.763,1.121,3903.37,0.2906,0.4091,0.4378,29.0,6.324,101135.63,0.565551
2024-12-14,101402.95,3869.58,2.4,715.8,219.87,0.0,4.459,1.061,3863.39,0.2823,0.3982,0.4242,29.12,6.239,101058.18,0.564619
2024-12-15,104424.54,3957.8,2.446,718.55,224.23,0.0,4.783,1.099,3953.84,0.2854,0.4064,0.4302,29.25,6.392,103975.51,0.586912
2024-12-16,106089.2,3987.5,2.485,720.77,216.25,0.0,4.629,1.078,3981.52,0.2965,0.402,0.4189,28.75,6.064,105792.15,0.484787
2024-12-17,106140.14,3893.55,2.567,717.61,223.18,25.66,4.642,1.052,3889.66,0.2795,0.3942,0.4288,27.85,5.814,105800.49,0.496295
2024-12-18,100147.26,3624.67,2.309,686.11,206.45,23.26,4.333,0.9682,3620.32,0.2581,0.3581,0.3958,24.85,5.443,99946.97,0.55865
2024-12-19,97381.1,3414.47,2.237,665.02,193.67,24.87,4.072,0.8801,3411.06,0.2511,0.314,0.3694,22.79,5.205,97235.03,0.46091099999999996
2024-12-20,97769.49,3470.82,2.279,678.32,194.46,29.74,4.58,0.9496,3465.96,0.2486,0.3177,0.3751,23.38,5.45,97544.62,0.63557
2024-12-21,97223.39,3337.38,2.236,663.06,181.28,32.1,4.36,0.9046,3332.71,0.2446,0.3202,0.3559,22.11,5.304,96970.61,0.6494809523809524
2024-12-22,95098.66,3278.9,2.201,649.33,180.34,28.47,4.322,0.8825,3273.98,0.2443,0.3123,0.3561,22.06,5.391,94889.44,0.5435545454545455
2024-12-23,94771.64,3418.24,2.259,693.35,189.91,28.54,4.711,0.9253,3412.09,0.2525,0.3245,0.3707,24.51,5.59,94572.62,0.568766
2024-12-24,98606.93,3491.08,2.322,696.46,196.96,29.78,4.603,0.9353,3486.89,0.2564,0.3369,0.4022,25.41,5.8,98311.11,0.662031
2024-12-25,99356.06,3494.17,2.296,702.45,197.33,26.56,4.496,0.9169,3480.89,0.2579,0.3341,0.3826,24.42,5.94,99087.8,0.7174809999999999
2024-12-26,95680.19,3331.04,2.154,688.61,188.24,27.19,4.197,0.8602,3328.38,0.2537,0.3124,0.3543,22.65,5.726,95479.26,0.6149258823529412
2024-12-27,94170.09,3328.67,2.143,690.83,183.94,27.07,4.077,0.8758,3325.67,0.2591,0.3114,0.3492,21.53,5.73,94075.92,0.6582876923076922
2024-12-28,95140.15,3397.86,2.181,720.88,195.15,29.24,4.206,0.8881,3395.82,0.2583,0.3238,0.3556,21.95,5.817,95035.5,0.678352
2024-12-29,93564.85,3350.43,2.091,693.5,189.61,27.46,4.085,0.8574,3348.75,0.2575,0.3137,0.3376,20.91,5.635,93499.35,0.595032
2024-12-30,92646.21,3356.45,2.055,704.11,191.04,26.97,4.175,0.86,3353.43,0.2534,0.3134,0.3314,20.55,5.575,92562.83,0.5709076923076923
2024-12-31,93391.98,3331.15,2.08,700.91,188.87,24.0,4.115,0.8435,3329.48,0.2546,0.3154,0.332,19.97,5.495,93214.54,0.7000208333333333
2025-01-01,94392.51,3353.28,2.328,706.43,193.85,26.32,4.274,0.9204,3351.27,0.2556,0.3244,0.4246,21.69,5.533,94269.8,0.657747
2025-01-02,96900.96,3452.59,2.401,705.63,208.06,23.19,4.348,0.9604,3450.52,0.2651,0.3386,0.4316,22.04,5.644,96649.02,0.588006
2025-01-03,98135.8,3607.83,2.453,714.53,217.89,24.45,4.983,1.089,3605.3,0.27,0.3797,0.448,23.47,5.8,97880.65,0.736224
2025-01-04,98213.69,3656.45,2.419,713.33,216.65,25.01,5.29,1.07,3654.26,0.2695,0.3948,0.4504,23.59,5.721,97997.62,0.6405243243243244
2025-01-05,98346.97,3635.29,2.399,709.18,213.36,24.39,5.243,1.091,3632.38,0.2625,0.3822,0.4406,23.58,5.728,98110.94,0.6559092105263158
2025-01-06,102282.2,3688.83,2.421,729.89,218.36,25.21,5.092,1.094,3686.25,0.2682,0.388,0.4468,23.85,5.711,101965.13,0.616749
2025-01-07,96942.47,3380.43,2.271,697.99,202.14,23.49,4.786,0.9892,3378.4,0.2525,0.348,0.4178,21.39,5.325,96826.14,0.66633
2025-01-08,95051.06,3326.54,2.373,695.87,197.45,22.55,4.897,0.9468,3325.21,0.2503,0.3422,0.4253,20.44,5.315,94946.5,0.537605
2025-01-09,92548.12,3219.05,2.273,685.41,184.99,20.27,4.75,0.9045,3217.44,0.24,0.321,0.3914,19.64,5.186,92474.08,0.6026590000000001
2025-01-10,94710.29,3266.41,2.341,692.81,187.62,20.66,5.121,0.9303,3265.76,0.2443,0.3338,0.4143,20.25,5.381,94577.7,0.618887
2025-01-11,94569.95,3281.96,2.576,696.51,188.02,20.87,4.967,0.9948,3280.65,0.2409,0.341,0.4457,20.21,5.394,94437.55,0.562084
2025-01-12,94505.67,3266.23,2.503,693.1,188.42,21.13,4.731,0.9672,3264.92,0.2336,0.3358,0.4221,19.83,5.304,94373.36,0.41369799999999995
2025-01-13,94517.66,3136.46,2.523,688.37,182.75,21.63,4.746,0.9441,3133.95,0.2227,0.338,0.4196,19.36,5.297,94356.98,0.616159
2025-01-14,96526.87,3224.35,2.668,698.76,187.5,23.0,4.584,0.9968,3221.13,0.2208,0.3558,0.4301,20.31,5.363,96333.82,0.598652
2025-01-15,100510.84,3451.52,3.143,714.73,205.9,24.37,4.835,1.076,3449.1,0.2379,0.3853,0.4882,22.09,5.52,100239.46,0.573138
2025-01-16,99979.43,3307.52,3.243,708.05,211.09,23.47,4.749,1.089,3305.54,0.2371,0.3765,0.4819,23.02,5.474,99719.48,0.664434
2025-01-17,104111.13,3475.27,3.294,721.91,219.57,23.1,4.839,1.134,3471.79,0.2487,0.4155,0.4879,25.1,5.59,103788.39,0.6342070000000001
2025-01-18,104431.52,3304.42,3.266,708.78,261.87,21.94,5.0,1.103,3299.79,0.2423,0.396,0.4901,24.08,5.286,104139.11,0.622217
2025-01-19,101212.56,3210.82,2.955,682.38,252.19,20.36,4.503,0.9919,3204.08,0.2287,0.358,0.4328,24.31,4.853,101080.98,0.5516943181818182
2025-01-20,102148.74,3280.4,3.102,681.64,241.72,20.51,4.413,1.008,3273.18,0.2382,0.3542,0.4466,25.05,5.023,101995.52,0.6134971830985916
2025-01-21,106155.61,3327.64,3.175,692.24,250.36,23.2,4.66,1.006,3319.99,0.2447,0.372,0.4424,26.68,5.191,105900.84,0.5756670329670329
2025-01-22,103669.08,3241.51,3.178,695.2,257.31,24.31,4.468,0.9821,3236.0,0.2536,0.3625,0.4284,25.27,5.284,103596.51,0.773454
2025-01-23,103933.88,3338.7,3.12,690.02,253.13,21.96,4.305,0.9865,3334.03,0.2526,0.3522,0.431,25.67,5.127,103861.13,0.513808
2025-01-24,104854.78,3309.74,3.101,680.4,253.37,23.05,4.202,0.9715,3304.44,0.2543,0.3508,0.4309,25.19,5.058,104728.95,0.61513
2025-01-25,104733.15,3318.45,3.107,686.32,256.33,23.16,4.129,0.9764,3314.47,0.2534,0.3535,0.417,24.92,5.07,104502.74,0.749475
2025-01-26,102576.93,3231.79,3.022,667.06,240.45,22.16,3.87,0.9528,3227.27,0.2462,0.3359,0.4063,24.86,4.937,102484.61,0.7882255319148935
2025-01-27,102065.72,3181.65,3.055,679.55,234.9,23.35,3.963,0.9343,3177.83,0.2465,0.3339,0.4074,24.2,5.004,101973.86,0.6329716216216216
2025-01-28,101284.47,3075.83,3.056,660.88,226.94,22.26,3.651,0.9164,3073.37,0.2399,0.3185,0.3926,22.61,4.787,101102.16,0.5483695121951219
2025-01-29,103742.97,3114.1,3.068,667.9,228.13,23.73,3.699,0.9399,3111.92,0.2402,0.324,0.3929,23.66,4.827,103462.86,0.6974370000000001
2025-01-30,104739.58,3247.4,3.128,677.56,238.36,27.23,4.121,0.9596,3245.45,0.2519,0.3315,0.4287,24.46,4.826,104456.78,0.660551
2025-01-31,102412.41,3300.04,3.035,677.36,231.71,26.94,4.087,0.9423,3297.4,0.2537,0.3289,0.4139,25.15,4.826,102391.93,0.60767
2025-02-01,100619.87,3116.61,2.878,652.92,212.95,23.21,3.734,0.8946,3114.43,0.2443,0.3078,0.392,22.97,4.612,100619.87,0.716006
2025-02-02,97665.06,2869.16,2.58,617.44,203.43,22.35,3.307,0.8043,2866.86,0.2255,0.268,0.3537,20.46,4.088,97665.06,0.5977049999999999
2025-02-03,101451.28,2883.08,2.704,617.94,216.48,25.21,3.654,0.8129,2874.72,0.2287,0.2852,0.3709,21.67,4.076,101451.28,0.511783
2025-02-04,97794.88,2732.09,2.528,572.78,206.7,25.12,3.596,0.744,2726.08,0.2245,0.2636,0.3409,19.99,3.792,97726.42,0.5202887755102041
2025-02-05,96633.71,2788.52,2.381,569.56,196.11,24.75,3.331,0.7324,2785.17,0.2226,0.2561,0.3272,19.2,3.782,96614.38,0.4704383720930233
2025-02-06,96564.27,2686.96,2.326,572.05,189.57,23.88,3.137,0.7053,2685.35,0.2316,0.2479,0.3183,18.59,3.738,96564.27,0.6396805194805195
2025-02-07,96532.73,2622.67,2.398,577.94,192.09,22.87,3.015,0.7076,2619.79,0.23,0.2466,0.3269,18.39,3.714,96494.12,0.6689089887640449
2025-02-08,96475.59,2632.76,2.42,612.64,199.49,23.43,3.063,0.7008,2630.65,0.2313,0.253,0.3316,18.45,3.744,96340.52,0.5447489999999999
2025-02-09,96485.6,2627.84,2.394,616.06,200.52,22.99,2.995,0.6819,2626.0,0.2321,0.249,0.3141,18.27,3.839,96340.87,0.6351789999999999
2025-02-10,97458.59,2661.94,2.424,618.67,200.53,23.37,3.216,0.7121,2660.34,0.2462,0.2554,0.3132,18.8,3.83,97448.84,0.57321
2025-02-11,95781.05,2602.22,2.413,642.12,197.95,23.56,3.326,0.7782,2601.18,0.2411,0.2531,0.3181,18.65,3.746,95714.0,0.638654
2025-02-12,97874.61,2738.57,2.474,696.97,196.79,25.83,3.583,0.7999,2737.75,0.2433,0.2642,0.3332,19.2,3.834,97639.71,0.667
2025-02-13,96632.78,2676.25,2.56,664.93,194.3,26.28,3.468,0.8107,2675.71,0.2342,0.2625,0.337,18.55,3.734,96613.45,0.686734
2025-02-14,97508.71,2726.02,2.739,659.84,199.46,26.24,3.553,0.8,2725.75,0.2314,0.2718,0.3506,19.38,3.848,97401.45,0.61432
2025-02-15,97596.21,2693.56,2.762,662.39,194.52,25.7,3.419,0.7811,2693.02,0.2375,0.2717,0.3489,19.0,3.826,97449.82,0.6773744444444445
2025-02-16,96132.69,2661.59,2.729,673.22,188.32,26.82,3.27,0.7714,2661.06,0.2424,0.2656,0.3426,18.7,3.782,96075.01,0.75009
2025-02-17,95790.31,2744.13,2.66,667.56,177.52,25.4,3.217,0.809,2743.86,0.2388,0.2582,0.334,19.11,3.763,95675.36,0.510904
2025-02-18,95630.67,2670.43,2.561,647.9,169.23,24.05,3.063,0.7536,2670.16,0.2392,0.2512,0.3234,17.85,3.686,95439.41,0.589087
2025-02-19,96640.99,2715.47,2.738,653.68,168.9,24.06,3.218,0.7738,2715.2,0.2424,0.2548,0.3418,17.98,3.58,96525.02,0.6018439999999999
2025-02-20,98345.66,2738.98,2.689,656.65,176.07,24.52,3.452,0.8038,2738.16,0.2464,0.2548,0.3446,18.29,3.611,98148.97,0.7112940000000001
2025-02-21,96150.27,2661.6,2.571,647.28,168.83,25.0,3.267,0.7617,2659.47,0.2379,0.2395,0.3259,17.41,3.587,96054.12,0.42867
2025-02-22,96580.46,2763.54,2.574,668.63,172.09,24.84,3.422,0.7737,2761.33,0.2393,0.2466,0.3343,17.76,3.779,96406.62,0.479628
2025-02-23,96274.12,2819.92,2.576,658.13,167.96,23.2,3.378,0.7696,2818.51,0.246,0.2429,0.333,17.61,3.771,96264.49,0.454690243902439
2025-02-24,91536.97,2513.65,2.277,614.12,141.83,19.92,2.829,0.6814,2511.89,0.24,0.2104,0.2978,15.25,3.433,91536.97,0.5553012048192771
2025-02-25,88609.26,2492.48,2.32,622.75,144.17,20.2,2.954,0.6825,2490.98,0.2308,0.2113,0.2952,15.29,3.562,88476.35,0.3911305882352941
2025-02-26,84128.38,2333.12,2.196,610.86,135.11,19.6,2.877,0.6463,2331.25,0.2273,0.2032,0.2861,15.23,3.503,84027.43,0.252015
2025-02-27,84657.34,2305.51,2.197,604.88,137.56,20.95,2.786,0.645,2303.9,0.2286,0.2067,0.2831,15.09,3.422,84538.82,0.47094400000000003
2025-02-28,84322.57,2236.53,2.145,587.81,148.11,19.94,2.83,0.6327,2233.62,0.2333,0.2017,0.2863,14.81,3.333,84196.09,0.498112
2025-03-01,86050.58,2216.72,2.191,607.6,143.61,19.62,2.818,0.659,2213.62,0.234,0.2067,0.3112,14.75,3.328,85878.48,0.6620159999999999
2025-03-02,94275.76,2518.51,2.94,624.01,178.75,20.53,3.194,1.136,2517.0,0.2441,0.2394,0.3511,17.42,3.53,94049.5,0.549856
2025-03-03,86158.95,2147.5,2.386,575.63,142.04,17.9,2.617,0.8571,2144.92,0.2312,0.199,0.2923,14.44,3.074,86055.56,0.5597697916666667
2025-03-04,87255.42,2171.13,2.454,583.83,144.79,17.11,2.526,0.9408,2169.83,0.2426,0.1991,0.2949,14.86,3.126,87063.46,0.5164424999999999
2025-03-05,90610.8,2241.7,2.5,598.3,146.32,17.18,2.633,0.9742,2240.58,0.2436,0.2048,0.2996,16.42,3.045,90474.88,0.5461071428571428
2025-03-06,89931.91,2202.6,2.6,596.43,143.3,15.39,2.736,0.9065,2201.5,0.2401,0.2015,0.2961,17.05,3.043,89734.06,0.6609477777777778
2025-03-07,86766.61,2140.93,2.384,594.44,139.34,15.14,2.581,0.8181,2139.86,0.2436,0.1983,0.2832,15.93,2.993,86671.17,0.452765
2025-03-08,86225.0,2203.24,2.325,593.14,136.95,15.11,2.481,0.8049,2202.14,0.2439,0.1922,0.2757,15.25,2.978,86130.15,0.630931
2025-03-09,80719.05,2020.01,2.138,554.54,126.47,14.42,2.288,0.721,2019.61,0.2321,0.168,0.263,13.8,2.658,80597.97,0.574029
2025-03-10,78561.62,1864.38,2.02,531.08,118.24,13.47,2.088,0.6705,1862.89,0.2291,0.1539,0.2418,12.65,2.544,78475.2,0.43704099999999996
2025-03-11,82919.47,1922.98,2.17,551.58,125.34,13.78,2.227,0.7238,1921.63,0.2244,0.1645,0.2553,13.13,2.673,82728.76,0.477994
2025-03-12,83665.14,1907.9,2.239,569.76,126.62,13.16,2.286,0.7357,1905.8,0.223,0.1724,0.2594,13.48,2.745,83514.54,0.500872
2025-03-13,81081.43,1863.87,2.252,579.57,123.32,12.32,2.162,0.7026,1862.38,0.2252,0.1651,0.2737,13.03,2.77,80927.38,0.6225970000000001
2025-03-14,83995.47,1911.53,2.356,587.88,133.56,13.78,2.325,0.7372,1910.38,0.2224,0.1719,0.2762,13.66,2.92,83827.48,0.4622926829268293
2025-03-15,84355.92,1937.46,2.391,619.85,135.9,14.38,2.353,0.7467,1936.49,0.2215,0.176,0.2746,14.02,3.586,84187.21,0.5911014705882353
2025-03-16,82572.37,1886.94,2.294,602.2,126.1,12.97,2.231,0.7048,1885.81,0.2121,0.1682,0.2627,13.37,3.451,82423.74,0.600538
2025-03-17,84025.12,1926.41,2.338,631.87,128.04,13.25,2.379,0.7177,1925.83,0.2206,0.1734,0.273,14.02,3.457,83831.86,0.599638
2025-03-18,82716.74,1931.53,2.285,627.99,125.32,14.17,2.285,0.7016,1930.76,0.2371,0.168,0.2734,13.91,3.571,82567.85,0.485972
2025-03-19,86878.5,2056.92,2.547,618.92,135.39,15.6,2.475,0.7439,2056.3,0.2309,0.1781,0.2907,15.02,3.665,86669.99,0.59421
2025-03-20,84178.31,1982.66,2.435,630.24,127.5,14.14,2.356,0.7175,1982.26,0.2338,0.1693,0.2813,14.22,3.703,84035.21,0.554846
2025-03-21,84060.48,1965.08,2.38,634.99,128.45,15.92,2.251,0.7047,1964.49,0.2336,0.1672,0.2769,13.95,3.585,83951.2,0.5162483870967742
2025-03-22,83837.39,1980.4,2.371,626.85,128.49,15.58,2.263,0.7012,1979.81,0.237,0.1674,0.274,14.25,3.671,83745.17,0.5272070175438597
2025-03-23,86091.67,2006.05,2.44,624.08,132.84,16.31,2.292,0.7104,2005.25,0.2299,0.1726,0.2832,14.47,3.681,85971.14,0.46242400000000006
2025-03-24,87520.48,2081.53,2.45,637.24,141.02,16.76,2.397,0.732,2080.49,0.2281,0.183,0.2907,15.13,3.666,87406.7,0.605871
2025-03-25,87439.7,2066.62,2.45,630.09,143.7,16.03,2.459,0.7448,2065.79,0.2272,0.1907,0.2938,15.44,3.598,87273.56,0.609589
2025-03-26,86923.95,2009.64,2.349,618.03,137.37,14.05,2.62,0.7289,2008.43,0.2314,0.1949,0.2855,15.25,3.683,86828.33,0.611237
2025-03-27,87218.89,2003.3,2.34,637.4,138.41,14.6,2.78,0.7379,2002.3,0.2349,0.1904,0.2863,15.52,4.041,87105.51,0.618626
2025-03-28,84387.01,1896.15,2.206,619.49,129.43,13.4,2.504,0.7058,1895.39,0.2324,0.1801,0.2745,14.25,3.794,84294.18,0.575012
2025-03-29,82625.65,1827.68,2.134,602.75,124.53,12.8,2.31,0.6729,1827.31,0.2318,0.1695,0.2672,13.55,3.703,82559.55,0.47766274509803924
2025-03-30,82379.51,1807.48,2.137,602.11,124.8,12.48,2.351,0.661,1806.94,0.2319,0.1665,0.2667,13.41,3.9,82305.37,0.6259282828282828
2025-03-31,82539.52,1822.14,2.089,604.68,124.55,13.0,2.266,0.6616,1821.41,0.2387,0.1666,0.2639,13.5,4.103,82473.49,0.492652
2025-04-01,85174.96,1905.23,2.139,611.13,126.69,13.32,2.408,0.6772,1904.47,0.2378,0.174,0.272,14.04,4.06,85089.79,0.561837
2025-04-02,82490.58,1794.63,2.023,590.3,117.39,11.76,2.307,0.6398,1793.55,0.234,0.1638,0.2581,12.9,3.834,82408.09,0.5560430000000001
2025-04-03,83158.8,1816.31,2.064,592.42,117.11,11.7,2.261,0.6504,1815.4,0.2382,0.1622,0.261,12.89,3.591,83075.64,0.453886
2025-04-04,83860.21,1816.25,2.129,597.5,122.75,11.89,2.257,0.6601,1815.16,0.239,0.1712,0.2595,12.94,3.41,83818.28,0.431263
2025-04-05,83503.37,1805.19,2.143,592.82,120.26,12.04,2.216,0.6546,1804.29,0.2374,0.1689,0.2524,12.84,3.258,83428.22,0.4663
2025-04-06,78365.57,1579.65,1.921,555.25,105.83,10.26,1.92,0.5732,1576.81,0.2301,0.1492,0.2261,11.28,2.917,78177.49,0.5974743243243242
2025-04-07,79143.06,1552.42,1.898,554.48,106.94,11.49,2.018,0.586,1549.47,0.2287,0.1495,0.232,11.45,3.105,79040.17,0.316668
2025-04-08,76255.1,1472.15,1.795,553.15,105.36,11.24,1.928,0.5579,1470.83,0.2306,0.1421,0.221,10.91,2.976,76194.1,0.45020603448275864
2025-04-09,82587.03,1669.0,2.052,582.32,119.04,13.58,2.221,0.6312,1666.33,0.2385,0.1603,0.2422,12.65,3.154,82545.74,0.48389448818897635
2025-04-10,79554.96,1521.51,1.965,577.73,112.76,14.17,2.112,0.6092,1520.29,0.2364,0.1535,0.2302,12.07,2.914,79554.96,0.6107093457943925
2025-04-11,83386.0,1566.02,2.022,585.79,121.36,15.71,2.188,0.6238,1565.08,0.243,0.16,0.2338,12.64,2.926,83344.31,0.576893
2025-04-12,85272.12,1643.84,2.159,597.16,132.23,16.33,2.346,0.6593,1642.85,0.246,0.1676,0.2462,13.15,2.983,85263.59,0.645311
2025-04-13,83730.92,1597.18,2.119,584.11,128.31,15.4,2.232,0.6377,1596.22,0.2546,0.1625,0.238,12.62,2.818,83730.92,0.6067967741935484
2025-04-14,84575.75,1623.79,2.127,584.42,129.38,15.73,2.193,0.6351,1622.49,0.2521,0.1585,0.2399,12.63,2.883,84516.55,0.3588824742268041
2025-04-15,83638.17,1588.7,2.084,579.53,126.09,15.07,2.088,0.6092,1587.91,0.2505,0.1536,0.2355,12.23,2.856,83621.44,0.5210463636363637
2025-04-16,84029.4,1577.24,2.083,582.74,131.32,15.79,2.055,0.6107,1575.98,0.2476,0.1547,0.2358,12.36,2.892,84029.4,0.614526
2025-04-17,84943.42,1583.68,2.067,590.53,134.84,17.15,2.123,0.6167,1582.41,0.2478,0.1559,0.2394,12.53,2.94,84926.43,0.626284
2025-04-18,84459.96,1588.56,2.062,591.73,134.05,17.09,2.12,0.6273,1587.61,0.2398,0.1576,0.24,12.56,2.999,84434.62,0.502169
2025-04-19,85061.54,1612.74,2.087,591.6,139.86,18.1,2.155,0.628,1611.45,0.244,0.1573,0.2461,12.93,2.97,85036.02,0.61228
2025-04-20,85167.14,1587.31,2.078,592.76,137.86,17.62,2.113,0.62,1586.2,0.2438,0.1553,0.2435,13.28,2.993,85133.07,0.5869714285714286
2025-04-21,87515.57,1579.7,2.085,597.38,136.57,18.22,2.196,0.6242,1578.91,0.2463,0.1594,0.2502,13.1,2.892,87498.07,0.46167625
2025-04-22,93483.3,1757.04,2.215,618.86,148.84,19.21,2.669,0.6794,1755.99,0.2482,0.1787,0.2652,14.14,3.084,93427.21,0.5458339622641509
2025-04-23,93729.23,1795.87,2.219,605.96,151.17,18.48,2.968,0.6979,1793.89,0.2462,0.1787,0.2665,15.02,3.181,93682.37,0.607773949579832
2025-04-24,94022.48,1770.44,2.206,601.84,152.59,18.79,3.347,0.7221,1768.32,0.2454,0.1826,0.2811,15.06,3.193,93966.07,0.7300544
2025-04-25,94711.24,1785.94,2.183,600.37,150.92,18.41,3.52,0.714,1783.98,0.2419,0.1818,0.2837,14.93,3.2,94644.94,0.597587
2025-04-26,94663.66,1821.45,2.192,607.36,149.28,17.92,3.52,0.7073,1819.26,0.252,0.182,0.2908,14.87,3.344,94616.33,0.6847031914893617
2025-04-27,93777.44,1791.85,2.253,603.74,148.04,17.38,3.559,0.7035,1789.16,0.2454,0.1794,0.2843,14.56,3.275,93730.55,0.616303896103896
2025-04-28,95035.06,1800.19,2.295,606.42,147.88,18.67,3.527,0.7057,1798.93,0.2482,0.1791,0.2825,15.02,3.274,94978.04,0.6834092783505155
2025-04-29,94274.16,1798.47,2.239,600.9,146.35,18.61,3.534,0.6961,1796.67,0.2438,0.1747,0.2778,14.61,3.189,94227.02,0.5698894230769231
2025-04-30,94186.14,1793.83,2.191,599.87,147.57,20.02,3.507,0.6818,1792.57,0.2464,0.1723,0.2711,14.3,3.171,94148.47,0.5639522123893805
2025-05-01,96519.31,1838.83,2.213,600.06,150.9,19.95,3.552,0.7053,1838.09,0.2447,0.1807,0.2737,14.75,3.212,96480.7,0.5357269565217392
2025-05-02,96925.07,1842.84,2.21,601.13,148.09,20.82,3.427,0.6985,1842.1,0.2478,0.1816,0.2747,14.66,3.173,96895.99,0.498579
2025-05-03,95903.14,1833.95,2.188,599.59,146.76,20.97,3.335,0.7,1832.67,0.2456,0.1758,0.2692,14.25,3.09,95874.37,0.6306967032967032
2025-05-04,94394.09,1809.0,2.157,586.56,143.99,19.96,3.275,0.6766,1807.91,0.2471,0.1705,0.2655,13.86,3.022,94375.21,0.542865
2025-05-05,94767.95,1820.05,2.131,597.7,146.67,20.31,3.422,0.6625,1818.78,0.2483,0.1706,0.2584,13.64,2.962,94749.0,0.5567353535353535
2025-05-06,96835.87,1816.98,2.155,602.71,146.88,20.96,3.345,0.6787,1815.34,0.2459,0.1722,0.2628,13.82,3.015,96777.77,0.6063196261682243
2025-05-07,97052.27,1811.34,2.127,602.89,147.36,21.05,3.332,0.6715,1809.53,0.2486,0.172,0.2603,13.82,3.019,97013.45,0.616038596491228
2025-05-08,103259.0,2207.19,2.327,629.16,164.44,23.31,4.033,0.7694,2204.1,0.2571,0.1982,0.2912,15.88,3.208,103238.35,0.5050722689075631
2025-05-09,102982.3,2345.32,2.344,666.81,172.8,24.62,3.952,0.7774,2342.27,0.2602,0.2053,0.2953,16.02,3.286,102951.41,0.59502
2025-05-10,104814.08,2583.77,2.471,664.0,177.93,26.27,4.123,0.841,2580.93,0.2662,0.2507,0.3216,17.33,3.514,104751.19,0.6142366666666667
2025-05-11,104124.02,2514.75,2.368,650.98,173.23,24.87,4.018,0.8052,2512.24,0.2651,0.2318,0.3063,17.1,3.411,104082.37,0.6209465753424657
2025-05-12,102802.44,2495.56,2.544,660.2,174.22,24.83,3.964,0.8172,2492.81,0.2717,0.231,0.3126,16.74,3.36,102771.6,0.6191942528735632
2025-05-13,104136.59,2680.04,2.583,664.39,183.77,25.79,4.065,0.8302,2677.63,0.2708,0.2408,0.3141,17.39,3.396,104105.35,0.6043936363636364
2025-05-14,103543.76,2610.07,2.551,652.64,176.68,25.23,3.916,0.7988,2607.72,0.2747,0.2328,0.3038,17.02,3.249,103512.7,0.7165965517241379
2025-05-15,103787.64,2549.0,2.386,651.89,169.17,26.17,3.848,0.7624,2546.45,0.2732,0.2194,0.2932,16.05,3.067,103725.37,0.6101532258064517
2025-05-16,103499.6,2537.78,2.381,646.56,167.48,26.82,3.781,0.759,2535.5,0.2717,0.2212,0.2931,15.77,3.101,103447.85,0.637097
2025-05-17,103159.32,2476.16,2.354,639.79,166.02,25.91,3.804,0.7431,2474.43,0.2696,0.2146,0.2866,15.33,3.074,103087.11,0.5665753246753247
2025-05-18,106488.62,2498.72,2.429,651.71,173.38,27.12,3.945,0.76,2496.72,0.268,0.2332,0.2926,15.88,3.14,106360.83,0.5474479452054795
2025-05-19,105618.19,2528.66,2.381,649.97,166.88,26.52,3.839,0.7427,2526.89,0.2667,0.2245,0.2867,15.79,3.03,105491.45,0.46722
2025-05-20,106875.88,2525.1,2.357,650.34,168.64,26.53,3.855,0.7461,2523.58,0.2691,0.2264,0.2877,15.7,3.087,106747.63,0.5564180000000001
2025-05-21,109699.86,2552.21,2.396,673.02,173.61,28.32,3.932,0.7694,2550.68,0.2683,0.2341,0.2933,16.11,3.1,109480.46,0.4800854700854701
2025-05-22,111722.11,2665.1,2.431,686.76,179.72,33.41,3.89,0.8092,2662.97,0.2759,0.2456,0.3043,16.74,3.175,111487.49,0.5412836363636364
2025-05-23,107332.91,2526.9,2.297,657.2,174.03,33.06,3.582,0.7474,2525.38,0.2687,0.2252,0.2852,15.54,2.977,107204.11,0.709325
2025-05-24,107779.46,2530.92,2.331,668.02,175.96,34.76,3.626,0.747,2528.9,0.2703,0.2252,0.286,15.35,3.032,107650.12,0.5246927536231885
2025-05-25,109041.44,2552.23,2.343,669.73,175.81,39.06,3.602,0.7602,2550.44,0.2723,0.225,0.2878,15.54,2.994,108888.78,0.6751535714285714
2025-05-26,109461.24,2564.47,2.311,674.39,174.98,37.12,3.491,0.7603,2563.19,0.2739,0.2261,0.2858,15.54,2.969,109318.94,0.45590800000000004
2025-05-27,108975.95,2662.0,2.318,687.09,176.8,35.75,3.675,0.7586,2660.14,0.2779,0.2261,0.2873,15.91,3.011,108845.18,0.624819
2025-05-28,107821.11,2682.1,2.275,687.14,172.28,34.29,3.607,0.7478,2680.49,0.2738,0.2209,0.2854,15.69,3.325,107691.72,0.543001
2025-05-29,105586.78,2631.82,2.245,674.91,166.71,31.37,3.525,0.7222,2629.98,0.2747,0.2149,0.2791,15.05,3.378,105523.43,0.5977675675675675
2025-05-30,104039.27,2531.79,2.141,655.24,156.26,32.79,3.189,0.6893,2529.76,0.267,0.1936,0.2652,13.9,3.098,104018.46,0.5477977611940298
2025-05-31,104654.65,2529.32,2.175,658.38,156.53,32.68,3.248,0.6862,2527.55,0.2656,0.1926,0.2642,13.97,3.155,104602.32,0.542759493670886
2025-06-01,105702.19,2540.45,2.181,661.38,157.77,34.15,3.345,0.6856,2538.93,0.2708,0.1938,0.2675,14.07,3.191,105649.34,0.41292105263157897
2025-06-02,105908.79,2609.07,2.197,666.38,156.91,36.46,3.332,0.69,2607.77,0.2688,0.1952,0.272,14.09,3.215,105866.43,0.44116900000000003
2025-06-03,105447.66,2594.88,2.246,661.79,155.3,36.05,3.253,0.6842,2593.84,0.2702,0.1932,0.273,14.12,3.184,105405.48,0.58575
2025-06-04,104746.0,2608.28,2.202,663.57,153.31,35.6,3.164,0.6657,2606.72,0.2744,0.1882,0.2667,13.84,3.167,104735.53,0.603346
2025-06-05,101580.61,2415.85,2.095,633.86,144.38,34.0,2.923,0.6261,2414.88,0.282,0.1712,0.2572,12.89,3.035,101550.14,0.4665560606060606
2025-06-06,104392.54,2478.31,2.162,643.48,147.95,33.35,3.196,0.6559,2477.81,0.2779,0.1789,0.263,13.58,3.155,104371.66,0.35297222222222224
2025-06-07,105625.23,2526.17,2.178,651.29,150.16,34.9,3.245,0.6649,2525.66,0.2869,0.1852,0.2648,13.83,3.182,105561.85,0.3933577319587629
2025-06-08,105779.28,2510.78,2.268,652.24,152.53,34.94,3.225,0.6702,2510.28,0.2817,0.1842,0.268,13.73,3.172,105758.12,0.3288171875
2025-06-09,110302.12,2681.27,2.321,665.76,161.23,38.84,3.449,0.7051,2680.2,0.2869,0.1949,0.275,14.36,3.31,110224.91,0.5640262626262627
2025-06-10,110296.2,2816.15,2.307,673.62,165.14,42.17,3.493,0.7167,2814.46,0.2927,0.1985,0.2805,15.45,3.348,110274.14,0.6317166666666666
2025-06-11,108676.78,2772.57,2.271,667.63,161.02,41.8,3.396,0.6982,2771.18,0.2795,0.193,0.2769,14.9,3.24,108665.91,0.5878834586466166
2025-06-12,105726.04,2644.51,2.191,655.18,152.41,40.47,3.209,0.6618,2643.19,0.2718,0.1812,0.2675,13.98,3.095,105726.04,0.5259825688073394
2025-06-13,106121.08,2580.25,2.149,655.62,148.66,42.26,3.078,0.6424,2578.7,0.2697,0.1805,0.2609,13.45,3.027,106099.86,0.333168
2025-06-14,105481.13,2532.75,2.14,646.07,144.72,40.1,2.947,0.6251,2531.74,0.2711,0.1784,0.2566,13.16,2.955,105481.13,0.5082260000000001
2025-06-15,105625.23,2548.41,2.166,648.43,152.98,41.17,3.024,0.6334,2547.39,0.2739,0.1756,0.2587,13.3,2.978,105625.23,0.464047
2025-06-16,106855.39,2545.23,2.239,651.18,150.74,41.85,2.996,0.6303,2544.21,0.2741,0.1728,0.2617,13.57,2.963,106791.28,0.631813
2025-06-17,104598.68,2510.96,2.16,648.3,147.61,39.94,2.833,0.609,2509.96,0.2714,0.1694,0.252,12.99,2.959,104598.68,0.49001100000000003
2025-06-18,104927.87,2525.85,2.171,645.1,146.41,39.47,2.828,0.6042,2524.84,0.273,0.1707,0.2524,13.12,2.949,104906.88,0.485166
2025-06-19,104699.72,2521.84,2.165,644.83,147.06,36.85,2.829,0.6021,2521.34,0.2748,0.171,0.2496,13.07,2.968,104689.25,0.41739400000000004
2025-06-20,103313.31,2407.22,2.12,641.89,140.15,33.37,2.717,0.5776,2406.26,0.2723,0.1624,0.242,12.51,2.939,103282.32,0.522743
2025-06-21,102165.68,2296.94,2.064,629.54,135.47,34.43,2.57,0.5565,2296.25,0.271,0.1546,0.2373,12.03,2.854,102135.03,0.542438
2025-06-22,101015.42,2228.57,2.019,616.19,131.78,35.83,2.45,0.542,2226.56,0.2634,0.1513,0.2289,11.66,2.733,100985.12,0.430005
2025-06-23,105423.73,2413.17,2.16,640.98,144.6,38.25,2.832,0.5827,2411.72,0.2726,0.1639,0.2459,12.84,2.913,105360.48,0.335272
2025-06-24,106133.25,2449.69,2.191,643.91,145.98,37.52,2.799,0.5877,2448.71,0.2738,0.1658,0.2488,13.42,2.902,106080.18,0.573229
2025-06-25,107399.88,2420.23,2.187,646.44,143.65,37.07,2.733,0.5673,2419.02,0.2732,0.1647,0.2415,13.14,2.833,107303.22,0.537884
2025-06-26,107012.17,2417.5,2.106,642.72,139.15,35.81,2.602,0.5546,2416.53,0.271,0.1601,0.2342,12.95,2.816,106937.26,0.631073
2025-06-27,107105.16,2424.42,2.143,646.11,142.17,36.6,2.723,0.5589,2423.21,0.2732,0.1611,0.237,13.06,2.853,107030.19,0.6455540000000001
2025-06-28,107346.44,2437.55,2.186,648.91,150.81,37.79,2.803,0.5658,2435.84,0.2747,0.1637,0.239,13.4,2.853,107271.3,0.585022
2025-06-29,108391.87,2501.26,2.207,655.12,153.36,39.74,2.901,0.5775,2500.26,0.2769,0.1695,0.2404,13.71,2.913,108337.67,0.5544720000000001
2025-06-30,107169.82,2486.37,2.237,657.06,154.88,39.53,2.777,0.5725,2485.13,0.2798,0.1652,0.2381,13.38,2.914,107116.24,0.532211
2025-07-01,105724.18,2405.7,2.172,646.5,146.93,36.94,2.673,0.5422,2404.74,0.2788,0.1578,0.2255,12.9,2.789,105692.46,0.7070310000000001
2025-07-02,108886.62,2571.33,2.234,660.07,152.35,39.85,2.9,0.5841,2570.3,0.2845,0.1688,0.2381,13.56,2.865,108832.18,0.6815404958677685
2025-07-03,109638.97,2592.04,2.257,663.75,152.4,40.23,3.023,0.5994,2590.74,0.2869,0.1721,0.2427,13.67,2.853,109551.26,0.5628773913043479
2025-07-04,108027.71,2508.69,2.221,653.89,147.75,38.99,2.876,0.5726,2507.69,0.2827,0.1629,0.2377,13.17,2.742,107973.7,0.5767561403508773
2025-07-05,108244.51,2517.09,2.218,656.39,147.62,39.14,2.899,0.5756,2516.08,0.2832,0.1642,0.2384,13.23,2.747,108190.39,0.6843666666666667
2025-07-06,109233.93,2571.14,2.272,663.38,151.91,39.87,2.91,0.5859,2570.63,0.287,0.172,0.2506,13.49,2.837,109157.47,0.5286275
2025-07-07,108277.16,2542.5,2.271,661.03,148.91,38.59,2.858,0.5805,2541.99,0.2867,0.168,0.2483,13.43,2.738,108190.54,0.5390247058823529
2025-07-08,108955.05,2616.29,2.311,660.7,151.73,38.83,2.895,0.5885,2614.72,0.2873,0.171,0.2596,13.97,2.804,108900.57,0.5859734693877552
2025-07-09,111291.7,2769.99,2.405,669.09,157.11,40.69,3.074,0.6229,2767.77,0.2898,0.1806,0.2883,14.25,2.838,111180.41,0.555287037037037
2025-07-10,116023.34,2951.31,2.547,685.93,164.34,43.81,3.49,0.6775,2948.36,0.2939,0.1951,0.303,15.24,2.944,115953.73,0.61669
2025-07-11,117573.92,2959.03,2.733,690.16,162.98,46.36,3.389,0.7094,2956.96,0.3009,0.2012,0.3602,15.29,2.963,117385.8,0.6039209090909091
2025-07-12,117468.16,2944.27,2.74,686.13,160.76,47.08,3.402,0.7091,2942.8,0.3022,0.1974,0.393,15.11,3.001,117291.96,0.7174641975308642
2025-07-13,119127.66,2973.01,2.837,692.13,161.22,48.9,3.492,0.737,2971.23,0.3028,0.1986,0.4709,15.66,2.972,118925.14,0.390079012345679
2025-07-14,119869.01,3014.66,2.959,689.37,162.26,47.56,3.89,0.7354,3013.15,0.3025,0.1975,0.4636,15.76,3.025,119665.23,0.58257
2025-07-15,117777.9,3139.33,2.92,690.06,164.03,47.83,4.102,0.7469,3136.5,0.3005,0.1992,0.4517,16.11,3.095,117636.57,0.518849
2025-07-16,118700.37,3373.1,3.039,709.0,173.73,46.96,3.947,0.7648,3369.73,0.3096,0.2127,0.4537,16.68,3.162,118581.67,0.5670226415094339
2025-07-17,119282.74,3479.48,3.484,721.3,176.0,45.6,4.011,0.8224,3472.17,0.3155,0.2184,0.4977,18.01,3.2,119175.39,0.6744491071428572
2025-07-18,118025.92,3549.56,3.416,730.34,177.36,44.37,3.783,0.8165,3541.4,0.326,0.236,0.4592,17.83,3.19,117907.89,0.7934060869565217
2025-07-19,117913.27,3594.34,3.427,733.54,177.05,44.47,3.836,0.8303,3588.95,0.3179,0.2415,0.4613,18.4,3.201,117795.36,0.7183388235294117
2025-07-20,117328.61,3758.64,3.456,757.12,181.54,46.02,3.893,0.8585,3749.62,0.3141,0.2739,0.4629,19.29,3.276,117258.21,0.6121182926829268
2025-07-21,117441.75,3764.26,3.552,766.66,195.82,44.31,3.962,0.8897,3751.84,0.3144,0.2716,0.4732,19.5,3.328,117383.03,0.802692
2025-07-22,120023.5,3748.64,3.552,787.11,205.8,46.26,4.009,0.9039,3736.27,0.3158,0.2709,0.4725,19.67,3.342,119903.48,0.802692
2025-07-23,118808.78,3630.21,3.186,777.01,189.5,43.7,3.719,0.8164,3618.59,0.3095,0.2408,0.428,18.19,3.199,118678.09,0.802692
2025-07-24,118397.33,3708.76,3.147,771.12,182.97,42.08,3.721,0.8061,3702.46,0.3138,0.2322,0.4246,17.92,3.122,118243.41,0.802692
2025-07-25,117644.11,3726.01,3.143,785.63,186.8,44.14,3.95,0.816,3718.56,0.317,0.2368,0.4314,18.29,3.191,117538.23,0.802692
2025-07-26,117971.27,3742.79,3.167,793.71,184.92,43.36,4.16,0.82,3739.05,0.32,0.2355,0.4353,18.41,3.299,117900.49,0.802692
2025-07-27,119468.71,3874.12,3.24,844.17,188.71,43.63,4.327,0.8323,3867.92,0.3199,0.2408,0.4444,19.24,3.375,119361.19,0.802692
2025-07-28,118059.92,3798.95,3.123,824.06,183.13,43.74,3.91,0.7931,3794.01,0.3224,0.2261,0.4192,18.11,3.205,117941.86,0.802692
2025-07-29,117942.11,3793.46,3.128,805.19,181.47,43.5,3.812,0.7828,3788.15,0.3384,0.2239,0.421,17.83,3.373,117824.17,0.802692
2025-07-30,117853.3,3810.29,3.096,793.62,177.77,42.24,3.758,0.7633,3806.48,0.3275,0.2199,0.4076,17.71,3.407,117759.02,0.802692
2025-07-31,115765.36,3698.19,3.023,783.15,172.22,40.85,3.614,0.739,3693.01,0.3249,0.2098,0.401,16.93,3.527,115719.05,0.802692
2025-08-01,113263.48,3487.02,2.96,756.83,162.67,37.64,3.457,0.7143,3481.44,0.3234,0.201,0.382,16.07,3.565,113161.54,0.802692
2025-08-02,112546.32,3393.4,2.769,736.62,158.48,36.91,3.334,0.6973,3388.99,0.3221,0.191,0.367,15.64,3.541,112445.03,0.802692
2025-08-03,114238.83,3497.6,2.949,751.58,162.01,38.23,3.448,0.7271,3493.4,0.3275,0.1988,0.3994,16.3,3.563,114170.29,0.802692
2025-08-04,115065.9,3720.93,3.072,768.76,169.57,38.81,3.591,0.7547,3717.58,0.3328,0.2104,0.4136,17.11,3.42,115008.37,0.802692
2025-08-05,114127.63,3611.81,2.962,755.07,164.07,38.52,3.41,0.7257,3606.75,0.3338,0.1998,0.3959,16.38,3.198,114081.98,0.802692
2025-08-06,115038.45,3684.11,2.991,769.95,168.16,38.09,3.499,0.7415,3678.58,0.3372,0.2053,0.4002,16.68,3.311,114969.43,0.802692
2025-08-07,116469.71,3816.52,3.037,774.24,168.73,39.34,3.663,0.7523,3810.39,0.3412,0.212,0.4081,17.86,3.308,116423.24,0.802692
